<?xml version="1.0" encoding="utf-8"?>
<countryList>
	<country>
		<shortname>AF</shortname>
		<longname>Afghanistan</longname>
	</country>
	<country>
		<shortname>AX</shortname>
		<longname>Åland Islands</longname>
	</country>
	<country>
		<shortname>AL</shortname>
		<longname>Albania</longname>
	</country>
	<country>
		<shortname>DZ</shortname>
		<longname>Algeria</longname>
	</country>
	<country>
		<shortname>AS</shortname>
		<longname>American Samoa</longname>
	</country>
	<country>
		<shortname>AD</shortname>
		<longname>Andorra</longname>
	</country>
	<country>
		<shortname>AO</shortname>
		<longname>Angola</longname>
	</country>
	<country>
		<shortname>AI</shortname>
		<longname>Anguilla</longname>
	</country>
	<country>
		<shortname>AQ</shortname>
		<longname>Antarctica</longname>
	</country>
	<country>
		<shortname>AG</shortname>
		<longname>Antigua and Barbuda</longname>
	</country>
	<country>
		<shortname>AR</shortname>
		<longname>Argentina</longname>
	</country>
	<country>
		<shortname>AM</shortname>
		<longname>Armenia</longname>
	</country>
	<country>
		<shortname>AW</shortname>
		<longname>Aruba</longname>
	</country>
	<country>
		<shortname>AU</shortname>
		<longname>Australia</longname>
	</country>
	<country>
		<shortname>AT</shortname>
		<longname>Austria</longname>
	</country>
	<country>
		<shortname>AZ</shortname>
		<longname>Azerbaijan</longname>
	</country>
	<country>
		<shortname>BS</shortname>
		<longname>Bahamas</longname>
	</country>
	<country>
		<shortname>BH</shortname>
		<longname>Bahrain</longname>
	</country>
	<country>
		<shortname>BD</shortname>
		<longname>Bangladesh</longname>
	</country>
	<country>
		<shortname>BB</shortname>
		<longname>Barbados</longname>
	</country>
	<country>
		<shortname>BY</shortname>
		<longname>Belarus</longname>
	</country>
	<country>
		<shortname>BE</shortname>
		<longname>Belgium</longname>
	</country>
	<country>
		<shortname>BZ</shortname>
		<longname>Belize</longname>
	</country>
	<country>
		<shortname>BJ</shortname>
		<longname>Benin</longname>
	</country>
	<country>
		<shortname>BM</shortname>
		<longname>Bermuda</longname>
	</country>
	<country>
		<shortname>BT</shortname>
		<longname>Bhutan</longname>
	</country>
	<country>
		<shortname>BO</shortname>
		<longname>Bolivia</longname>
	</country>
	<country>
		<shortname>BA</shortname>
		<longname>Bosnia and Herzegovina</longname>
	</country>
	<country>
		<shortname>BW</shortname>
		<longname>Botswana</longname>
	</country>
	<country>
		<shortname>BV</shortname>
		<longname>Bouvet Island</longname>
	</country>
	<country>
		<shortname>BR</shortname>
		<longname>Brazil</longname>
	</country>
	<country>
		<shortname>IO</shortname>
		<longname>British Indian Ocean Territory</longname>
	</country>
	<country>
		<shortname>BN</shortname>
		<longname>Brunei Darussalam</longname>
	</country>
	<country>
		<shortname>BG</shortname>
		<longname>Bulgaria</longname>
	</country>
	<country>
		<shortname>BF</shortname>
		<longname>Burkina Faso</longname>
	</country>
	<country>
		<shortname>BI</shortname>
		<longname>Burundi</longname>
	</country>
	<country>
		<shortname>KH</shortname>
		<longname>Cambodia</longname>
	</country>
	<country>
		<shortname>CM</shortname>
		<longname>Cameroon</longname>
	</country>
	<country>
		<shortname>CA</shortname>
		<longname>Canada</longname>
	</country>
	<country>
		<shortname>CV</shortname>
		<longname>Cape Verde</longname>
	</country>
	<country>
		<shortname>KY</shortname>
		<longname>Cayman Islands</longname>
	</country>
	<country>
		<shortname>CF</shortname>
		<longname>Central African Republic</longname>
	</country>
	<country>
		<shortname>TD</shortname>
		<longname>Chad</longname>
	</country>
	<country>
		<shortname>CL</shortname>
		<longname>Chile</longname>
	</country>
	<country>
		<shortname>CN</shortname>
		<longname>China</longname>
	</country>
	<country>
		<shortname>CX</shortname>
		<longname>Christmas Island</longname>
	</country>
	<country>
		<shortname>CC</shortname>
		<longname>Cocos (Keeling) Islands</longname>
	</country>
	<country>
		<shortname>CO</shortname>
		<longname>Colombia</longname>
	</country>
	<country>
		<shortname>KM</shortname>
		<longname>Comoros</longname>
	</country>
	<country>
		<shortname>CG</shortname>
		<longname>Congo</longname>
	</country>
	<country>
		<shortname>CD</shortname>
		<longname>Congo, The Democratic Republic of the</longname>
	</country>
	<country>
		<shortname>CK</shortname>
		<longname>Cook Islands</longname>
	</country>
	<country>
		<shortname>CR</shortname>
		<longname>Costa Rica</longname>
	</country>
	<country>
		<shortname>CI</shortname>
		<longname><![CDATA[Côte D'Ivoire]]></longname>
	</country>
	<country>
		<shortname>HR</shortname>
		<longname>Croatia</longname>
	</country>
	<country>
		<shortname>CU</shortname>
		<longname>Cuba</longname>
	</country>
	<country>
		<shortname>CY</shortname>
		<longname>Cyprus</longname>
	</country>
	<country>
		<shortname>CZ</shortname>
		<longname>Czech Republic</longname>
	</country>
	<country>
		<shortname>DK</shortname>
		<longname>Denmark</longname>
	</country>
	<country>
		<shortname>DJ</shortname>
		<longname>Djibouti</longname>
	</country>
	<country>
		<shortname>DM</shortname>
		<longname>Dominica</longname>
	</country>
	<country>
		<shortname>DO</shortname>
		<longname>Dominican Republic</longname>
	</country>
	<country>
		<shortname>EC</shortname>
		<longname>Ecuador</longname>
	</country>
	<country>
		<shortname>EG</shortname>
		<longname>Egypt</longname>
	</country>
	<country>
		<shortname>SV</shortname>
		<longname>El Salvador</longname>
	</country>
	<country>
		<shortname>GQ</shortname>
		<longname>Equatorial Guinea</longname>
	</country>
	<country>
		<shortname>ER</shortname>
		<longname>Eritrea</longname>
	</country>
	<country>
		<shortname>EE</shortname>
		<longname>Estonia</longname>
	</country>
	<country>
		<shortname>ET</shortname>
		<longname>Ethiopia</longname>
	</country>
	<country>
		<shortname>FK</shortname>
		<longname>Falkland Islands (Malvinas)</longname>
	</country>
	<country>
		<shortname>FO</shortname>
		<longname>Faroe Islands</longname>
	</country>
	<country>
		<shortname>FJ</shortname>
		<longname>Fiji</longname>
	</country>
	<country>
		<shortname>FI</shortname>
		<longname>Finland</longname>
	</country>
	<country>
		<shortname>FR</shortname>
		<longname>France</longname>
	</country>
	<country>
		<shortname>GF</shortname>
		<longname>French Guiana</longname>
	</country>
	<country>
		<shortname>PF</shortname>
		<longname>French Polynesia</longname>
	</country>
	<country>
		<shortname>TF</shortname>
		<longname>French Southern Territories</longname>
	</country>
	<country>
		<shortname>GA</shortname>
		<longname>Gabon</longname>
	</country>
	<country>
		<shortname>GM</shortname>
		<longname>Gambia</longname>
	</country>
	<country>
		<shortname>GE</shortname>
		<longname>Georgia</longname>
	</country>
	<country>
		<shortname>DE</shortname>
		<longname>Germany</longname>
	</country>
	<country>
		<shortname>GH</shortname>
		<longname>Ghana</longname>
	</country>
	<country>
		<shortname>GI</shortname>
		<longname>Gibraltar</longname>
	</country>
	<country>
		<shortname>GR</shortname>
		<longname>Greece</longname>
	</country>
	<country>
		<shortname>GL</shortname>
		<longname>Greenland</longname>
	</country>
	<country>
		<shortname>GD</shortname>
		<longname>Grenada</longname>
	</country>
	<country>
		<shortname>GP</shortname>
		<longname>Guadeloupe</longname>
	</country>
	<country>
		<shortname>GU</shortname>
		<longname>Guam</longname>
	</country>
	<country>
		<shortname>GT</shortname>
		<longname>Guatemala</longname>
	</country>
	<country>
		<shortname>GG</shortname>
		<longname>Guernsey</longname>
	</country>
	<country>
		<shortname>GN</shortname>
		<longname>Guinea</longname>
	</country>
	<country>
		<shortname>GW</shortname>
		<longname>Guinea-Bissau</longname>
	</country>
	<country>
		<shortname>GY</shortname>
		<longname>Guyana</longname>
	</country>
	<country>
		<shortname>HT</shortname>
		<longname>Haiti</longname>
	</country>
	<country>
		<shortname>HM</shortname>
		<longname>Heard Island and McDonald Islands</longname>
	</country>
	<country>
		<shortname>VA</shortname>
		<longname>Holy See (Vatican City State)</longname>
	</country>
	<country>
		<shortname>HN</shortname>
		<longname>Honduras</longname>
	</country>
	<country>
		<shortname>HK</shortname>
		<longname>Hong Kong</longname>
	</country>
	<country>
		<shortname>HU</shortname>
		<longname>Hungary</longname>
	</country>
	<country>
		<shortname>IS</shortname>
		<longname>Iceland</longname>
	</country>
	<country>
		<shortname>IN</shortname>
		<longname>India</longname>
	</country>
	<country>
		<shortname>ID</shortname>
		<longname>Indonesia</longname>
	</country>
	<country>
		<shortname>IR</shortname>
		<longname>Iran, Islamic Republic of</longname>
	</country>
	<country>
		<shortname>IQ</shortname>
		<longname>Iraq</longname>
	</country>
	<country>
		<shortname>IE</shortname>
		<longname>Ireland</longname>
	</country>
	<country>
		<shortname>IM</shortname>
		<longname>Isle of Man</longname>
	</country>
	<country>
		<shortname>IL</shortname>
		<longname>Israel</longname>
	</country>
	<country>
		<shortname>IT</shortname>
		<longname>Italy</longname>
	</country>
	<country>
		<shortname>JM</shortname>
		<longname>Jamaica</longname>
	</country>
	<country>
		<shortname>JP</shortname>
		<longname>Japan</longname>
	</country>
	<country>
		<shortname>JE</shortname>
		<longname>Jersey</longname>
	</country>
	<country>
		<shortname>JO</shortname>
		<longname>Jordan</longname>
	</country>
	<country>
		<shortname>KZ</shortname>
		<longname>Kazakhstan</longname>
	</country>
	<country>
		<shortname>KE</shortname>
		<longname>Kenya</longname>
	</country>
	<country>
		<shortname>KI</shortname>
		<longname>Kiribati</longname>
	</country>
	<country>
		<shortname>KP</shortname>
		<longname><![CDATA[Korea, Democratic People's Republic of]]></longname>
	</country>
	<country>
		<shortname>KR</shortname>
		<longname>Korea, Republic of</longname>
	</country>
	<country>
		<shortname>KW</shortname>
		<longname>Kuwait</longname>
	</country>
	<country>
		<shortname>KG</shortname>
		<longname>Kyrgyzstan</longname>
	</country>
	<country>
		<shortname>LA</shortname>
		<longname><![CDATA[Lao People's Democratic Republic]]></longname>
	</country>
	<country>
		<shortname>LV</shortname>
		<longname>Latvia</longname>
	</country>
	<country>
		<shortname>LB</shortname>
		<longname>Lebanon</longname>
	</country>
	<country>
		<shortname>LS</shortname>
		<longname>Lesotho</longname>
	</country>
	<country>
		<shortname>LR</shortname>
		<longname>Liberia</longname>
	</country>
	<country>
		<shortname>LY</shortname>
		<longname>Libyan Arab Jamahiriya</longname>
	</country>
	<country>
		<shortname>LI</shortname>
		<longname>Liechtenstein</longname>
	</country>
	<country>
		<shortname>LT</shortname>
		<longname>Lithuania</longname>
	</country>
	<country>
		<shortname>LU</shortname>
		<longname>Luxembourg</longname>
	</country>
	<country>
		<shortname>MO</shortname>
		<longname>Macao</longname>
	</country>
	<country>
		<shortname>MK</shortname>
		<longname>Macedonia, The Former Yugoslav Republic of</longname>
	</country>
	<country>
		<shortname>MG</shortname>
		<longname>Madagascar</longname>
	</country>
	<country>
		<shortname>MW</shortname>
		<longname>Malawi</longname>
	</country>
	<country>
		<shortname>MY</shortname>
		<longname>Malaysia</longname>
	</country>
	<country>
		<shortname>MV</shortname>
		<longname>Maldives</longname>
	</country>
	<country>
		<shortname>ML</shortname>
		<longname>Mali</longname>
	</country>
	<country>
		<shortname>MT</shortname>
		<longname>Malta</longname>
	</country>
	<country>
		<shortname>MH</shortname>
		<longname>Marshall Islands</longname>
	</country>
	<country>
		<shortname>MQ</shortname>
		<longname>Martinique</longname>
	</country>
	<country>
		<shortname>MR</shortname>
		<longname>Mauritania</longname>
	</country>
	<country>
		<shortname>MU</shortname>
		<longname>Mauritius</longname>
	</country>
	<country>
		<shortname>YT</shortname>
		<longname>Mayotte</longname>
	</country>
	<country>
		<shortname>MX</shortname>
		<longname>Mexico</longname>
	</country>
	<country>
		<shortname>FM</shortname>
		<longname>Micronesia, Federated States of</longname>
	</country>
	<country>
		<shortname>MD</shortname>
		<longname>Moldova, Republic of</longname>
	</country>
	<country>
		<shortname>MC</shortname>
		<longname>Monaco</longname>
	</country>
	<country>
		<shortname>MN</shortname>
		<longname>Mongolia</longname>
	</country>
	<country>
		<shortname>ME</shortname>
		<longname>Montenegro</longname>
	</country>
	<country>
		<shortname>MS</shortname>
		<longname>Montserrat</longname>
	</country>
	<country>
		<shortname>MA</shortname>
		<longname>Morocco</longname>
	</country>
	<country>
		<shortname>MZ</shortname>
		<longname>Mozambique</longname>
	</country>
	<country>
		<shortname>MM</shortname>
		<longname>Myanmar</longname>
	</country>
	<country>
		<shortname>NA</shortname>
		<longname>Namibia</longname>
	</country>
	<country>
		<shortname>NR</shortname>
		<longname>Nauru</longname>
	</country>
	<country>
		<shortname>NP</shortname>
		<longname>Nepal</longname>
	</country>
	<country>
		<shortname>NL</shortname>
		<longname>Netherlands</longname>
	</country>
	<country>
		<shortname>AN</shortname>
		<longname>Netherlands Antilles</longname>
	</country>
	<country>
		<shortname>NC</shortname>
		<longname>New Caledonia</longname>
	</country>
	<country>
		<shortname>NZ</shortname>
		<longname>New Zealand</longname>
	</country>
	<country>
		<shortname>NI</shortname>
		<longname>Nicaragua</longname>
	</country>
	<country>
		<shortname>NE</shortname>
		<longname>Niger</longname>
	</country>
	<country>
		<shortname>NG</shortname>
		<longname>Nigeria</longname>
	</country>
	<country>
		<shortname>NU</shortname>
		<longname>Niue</longname>
	</country>
	<country>
		<shortname>NF</shortname>
		<longname>Norfolk Island</longname>
	</country>
	<country>
		<shortname>MP</shortname>
		<longname>Northern Mariana Islands</longname>
	</country>
	<country>
		<shortname>NO</shortname>
		<longname>Norway</longname>
	</country>
	<country>
		<shortname>OM</shortname>
		<longname>Oman</longname>
	</country>
	<country>
		<shortname>PK</shortname>
		<longname>Pakistan</longname>
	</country>
	<country>
		<shortname>PW</shortname>
		<longname>Palau</longname>
	</country>
	<country>
		<shortname>PS</shortname>
		<longname>Palestinian Territory, Occupied</longname>
	</country>
	<country>
		<shortname>PA</shortname>
		<longname>Panama</longname>
	</country>
	<country>
		<shortname>PG</shortname>
		<longname>Papua New Guinea</longname>
	</country>
	<country>
		<shortname>PY</shortname>
		<longname>Paraguay</longname>
	</country>
	<country>
		<shortname>PE</shortname>
		<longname>Peru</longname>
	</country>
	<country>
		<shortname>PH</shortname>
		<longname>Philippines</longname>
	</country>
	<country>
		<shortname>PN</shortname>
		<longname>Pitcairn</longname>
	</country>
	<country>
		<shortname>PL</shortname>
		<longname>Poland</longname>
	</country>
	<country>
		<shortname>PT</shortname>
		<longname>Portugal</longname>
	</country>
	<country>
		<shortname>PR</shortname>
		<longname>Puerto Rico</longname>
	</country>
	<country>
		<shortname>QA</shortname>
		<longname>Qatar</longname>
	</country>
	<country>
		<shortname>RE</shortname>
		<longname>Reunion</longname>
	</country>
	<country>
		<shortname>RO</shortname>
		<longname>Romania</longname>
	</country>
	<country>
		<shortname>RU</shortname>
		<longname>Russian Federation</longname>
	</country>
	<country>
		<shortname>RW</shortname>
		<longname>Rwanda</longname>
	</country>
	<country>
		<shortname>BL</shortname>
		<longname>Saint Barthélemy</longname>
	</country>
	<country>
		<shortname>SH</shortname>
		<longname>Saint Helena</longname>
	</country>
	<country>
		<shortname>KN</shortname>
		<longname>Saint Kitts and Nevis</longname>
	</country>
	<country>
		<shortname>LC</shortname>
		<longname>Saint Lucia</longname>
	</country>
	<country>
		<shortname>MF</shortname>
		<longname>Saint Martin</longname>
	</country>
	<country>
		<shortname>PM</shortname>
		<longname>Saint Pierre and Miquelon</longname>
	</country>
	<country>
		<shortname>VC</shortname>
		<longname>Saint Vincent and the Grenadines</longname>
	</country>
	<country>
		<shortname>WS</shortname>
		<longname>Samoa</longname>
	</country>
	<country>
		<shortname>SM</shortname>
		<longname>San Marino</longname>
	</country>
	<country>
		<shortname>ST</shortname>
		<longname>Sao Tome and Principe</longname>
	</country>
	<country>
		<shortname>SA</shortname>
		<longname>Saudi Arabia</longname>
	</country>
	<country>
		<shortname>SN</shortname>
		<longname>Senegal</longname>
	</country>
	<country>
		<shortname>RS</shortname>
		<longname>Serbia</longname>
	</country>
	<country>
		<shortname>SC</shortname>
		<longname>Seychelles</longname>
	</country>
	<country>
		<shortname>SL</shortname>
		<longname>Sierra Leone</longname>
	</country>
	<country>
		<shortname>SG</shortname>
		<longname>Singapore</longname>
	</country>
	<country>
		<shortname>SK</shortname>
		<longname>Slovakia</longname>
	</country>
	<country>
		<shortname>SI</shortname>
		<longname>Slovenia</longname>
	</country>
	<country>
		<shortname>SB</shortname>
		<longname>Solomon Islands</longname>
	</country>
	<country>
		<shortname>SO</shortname>
		<longname>Somalia</longname>
	</country>
	<country>
		<shortname>ZA</shortname>
		<longname>South Africa</longname>
	</country>
	<country>
		<shortname>GS</shortname>
		<longname>South Georgia and the South Sandwich Islands</longname>
	</country>
	<country>
		<shortname>ES</shortname>
		<longname>Spain</longname>
	</country>
	<country>
		<shortname>LK</shortname>
		<longname>Sri Lanka</longname>
	</country>
	<country>
		<shortname>SD</shortname>
		<longname>Sudan</longname>
	</country>
	<country>
		<shortname>SR</shortname>
		<longname>Suriname</longname>
	</country>
	<country>
		<shortname>SJ</shortname>
		<longname>Svalbard and Jan Mayen</longname>
	</country>
	<country>
		<shortname>SZ</shortname>
		<longname>Swaziland</longname>
	</country>
	<country>
		<shortname>SE</shortname>
		<longname>Sweden</longname>
	</country>
	<country>
		<shortname>CH</shortname>
		<longname>Switzerland</longname>
	</country>
	<country>
		<shortname>SY</shortname>
		<longname>Syrian Arab Republic</longname>
	</country>
	<country>
		<shortname>TW</shortname>
		<longname>Taiwan, Province Of China</longname>
	</country>
	<country>
		<shortname>TJ</shortname>
		<longname>Tajikistan</longname>
	</country>
	<country>
		<shortname>TZ</shortname>
		<longname>Tanzania, United Republic of</longname>
	</country>
	<country>
		<shortname>TH</shortname>
		<longname>Thailand</longname>
	</country>
	<country>
		<shortname>TL</shortname>
		<longname>Timor-Leste</longname>
	</country>
	<country>
		<shortname>TG</shortname>
		<longname>Togo</longname>
	</country>
	<country>
		<shortname>TK</shortname>
		<longname>Tokelau</longname>
	</country>
	<country>
		<shortname>TO</shortname>
		<longname>Tonga</longname>
	</country>
	<country>
		<shortname>TT</shortname>
		<longname>Trinidad and Tobago</longname>
	</country>
	<country>
		<shortname>TN</shortname>
		<longname>Tunisia</longname>
	</country>
	<country>
		<shortname>TR</shortname>
		<longname>Turkey</longname>
	</country>
	<country>
		<shortname>TM</shortname>
		<longname>Turkmenistan</longname>
	</country>
	<country>
		<shortname>TC</shortname>
		<longname>Turks and Caicos Islands</longname>
	</country>
	<country>
		<shortname>TV</shortname>
		<longname>Tuvalu</longname>
	</country>
	<country>
		<shortname>UG</shortname>
		<longname>Uganda</longname>
	</country>
	<country>
		<shortname>UA</shortname>
		<longname>Ukraine</longname>
	</country>
	<country>
		<shortname>AE</shortname>
		<longname>United Arab Emirates</longname>
	</country>
	<country>
		<shortname>GB</shortname>
		<longname>United Kingdom</longname>
	</country>
	<country>
		<shortname>US</shortname>
		<longname>United States</longname>
	</country>
	<country>
		<shortname>UM</shortname>
		<longname>United States Minor Outlying Islands</longname>
	</country>
	<country>
		<shortname>UY</shortname>
		<longname>Uruguay</longname>
	</country>
	<country>
		<shortname>UZ</shortname>
		<longname>Uzbekistan</longname>
	</country>
	<country>
		<shortname>VU</shortname>
		<longname>Vanuatu</longname>
	</country>
	<country>
		<shortname>VE</shortname>
		<longname>Venezuela</longname>
	</country>
	<country>
		<shortname>VN</shortname>
		<longname>Viet Nam</longname>
	</country>
	<country>
		<shortname>VG</shortname>
		<longname>Virgin Islands, British</longname>
	</country>
	<country>
		<shortname>VI</shortname>
		<longname>Virgin Islands, U.S.</longname>
	</country>
	<country>
		<shortname>WF</shortname>
		<longname>Wallis And Futuna</longname>
	</country>
	<country>
		<shortname>EH</shortname>
		<longname>Western Sahara</longname>
	</country>
	<country>
		<shortname>YE</shortname>
		<longname>Yemen</longname>
	</country>
	<country>
		<shortname>ZM</shortname>
		<longname>Zambia</longname>
	</country>
	<country>
		<shortname>ZW</shortname>
		<longname>Zimbabwe</longname>
	</country>
</countryList>
